{"cameraMode":{"drawMode":0,"name":"Shaded","section":"Shading Mode"},"sceneLighting":true,"audioPlay":false,"sceneViewState":{"m_AlwaysRefresh":false,"showFog":true,"showSkybox":true,"showFlares":true,"showImageEffects":true,"showParticleSystems":true,"showVisualEffectGraphs":true,"m_FxEnabled":true},"in2DMode":false,"pivot":{"x":49.7696647644043,"y":0.8128089904785156,"z":54.680049896240237},"rotation":{"x":-0.4962589740753174,"y":0.008331743068993092,"z":-0.004762807860970497,"w":-0.8681231141090393},"size":59.357810974121097,"orthographic":false}